{  
  "horizon_blend_stops":{ //base horizing stuff like horizon blends
    "min": { 
      "0.0": 0.0, 
      "0.1962499916553497": 0.008, 
      "0.25": 0.0, 
      "0.34": 0.11, 
      "0.6": 0.027, 
      "0.6750000119209290": 0.01332983374595642, 
      "0.7487499713897705": 0.0, 
      "0.8174999952316284": 0.0 
    }, 
    "start": { 
      "0.0": 0.25, 
      "0.1962499916553497": 0.4179066121578217, 
      "0.25": 0.213, 
      "0.34": 0.401, 
      "0.6": 0.23, 
      "0.6750000119209290": 0.2143078744411469, 
      "0.7487499713897705": 0.1990064233541489, 
      "0.8174999952316284": 0.6179999709129333 
    }, 
    "mie_start": { 
      "0.0": 50.5, 
      "0.1962499916553497": 51.172000050544739, 
      "0.25": 50.5, 
      "0.34": 50.5009999871253967, 
      "0.6": 50.167, 
      "0.6750000119209290": 50.15, 
      "0.7487499713897705": 50.55, 
      "0.8174999952316284": 50.79 
    }, 
    "max": { 
      "0.0": 0.25, 
      "0.1962499916553497": 0.137, 
      "0.25": 0.0, 
      "0.34": 0.467, 
      "0.6": 0.2,
      "0.6750000119209290": 0.1919008344411850, 
      "0.7487499713897705": 0.214, 
      "0.8174999952316284": 0.0 
    } 
  }, 
  "rayleigh_strength": {  // sky intensity around it
    "0.0": 0.07, 
    "0.25":  0.07, 
    "0.3":  0.07, 
    "0.3037499785423279":  0.07, 
    "0.3249999880790710":  0.07,
    "0.5": 1.0, 
    "0.6":  0.07, 
    "0.7074999809265137":  0.07, 
    "0.75":  0.07
  }, 
  "sun_mie_strength": {  // sky intensity around it
    "0.0": 50.0, 
    "0.25": 30.0, 
    "0.3": 30.0, 
    "0.3037499785423279": 2.878501892089844, 
    "0.3249999880790710": 1.0, 
    "0.6": 21.0, 
    "0.7074999809265137": 31.0, 
    "0.75": 1.0 
  }, 
  "moon_mie_strength": { // sky intensity around it
    "0.0": 10.0, 
    "0.25": 10.0, 
    "0.3": 10.0, 
    "0.3037499785423279": 12.878501892089844, 
    "0.3249999880790710": 11.0, 
    "0.6": 11.0, 
    "0.7074999809265137": 11.0, 
    "0.75": 11.0 
  }, 
  "sun_glare_shape": { //sun glare and texture around it
    "0.0": 50.89900016784668, 
    "0.25": 100.89900016784668, 
    "0.3": 100.89900016784668, 
    "0.3037499785423279": 15.84438705444336, 
    "0.3249999880790710": 15.0, 
    "0.5": 100.89900016784668, 
    "0.6": 24.0, 
    "0.7074999809265137": 100, 
    "0.75": 100 
  }, 
  "sky_zenith_color": { // overall sky color
    "0.0": [112, 154, 255],//noon
    "0.25": [112, 154, 255],//sunset 
    "0.3":[8, 8, 8],//NIGHT
    "0.3037499785423279":[8, 8, 8],//NIGHT
    "0.3249999880790710":[8, 8, 8],//NIGHT
    "0.5": [8, 8, 8], //MIDNIGHT
    "0.6": [8, 8, 8], //NIGHT
    "0.7074999809265137":[8, 8, 8],//NIGHT
    "0.75": [112, 154, 255]//sunrise

  },
  "sky_horizon_color": { //horizon colors
    "0.0": [88, 114, 176], //sunries
    "0.171875": [194, 100, 41], 
    "0.25": [255, 106, 0], //day
    "0.305": [8, 8, 8],  //NIGHT
    "0.35": [8, 8, 8],  //NIGHT
    "0.4174999892711639": [8, 8, 8], //purple
    "0.47": [8, 8, 8],  //NIGHT
    "0.6030000448226929": [8, 8, 8], //NIGHT
    "0.6474999785423279": [8, 8, 8], //NIGHT
    "0.75": [8, 8, 8], //night
    "0.78": [255, 106, 0],
    "0.80": [247, 156, 99] 
  } //these values are wrong, might be a bug, but we addapted. 0 should be midnight, but is noon.
}